2020-04-22 14:57:49.833522,3boamu3gflo6wev000737,fkmrtyr@aol.com, 1
2020-04-22 14:57:50.952291,a3esb1aopxrcki6ilxc000111,ckowdki@mail.com, 2
2020-04-22 14:57:52.148198,ac852xr8sd000769,xthssee@yahoo.com, 3
2020-04-22 14:57:53.480147,cdjgow000387,husyrwn@mail.kz, 4
2020-04-22 14:57:54.670128,ivriqra3c000598,qthxsbb@yahoo.com, 5
2020-04-22 14:57:55.796946,kf0thui2j1gmqhwhrfuz000530,ylrrogh@mail.com, 6
2020-04-22 14:57:56.775878,pohwhj3kmli4c9lahn000231,qeomhea@aol.com, 7
2020-04-22 14:57:57.902733,q000754,ujcqtto@mail.kz, 8
2020-04-22 14:57:59.235072,u4000295,drbcgfq@hotmail.com, 9
2020-04-22 14:58:00.284317,v5ctu7000628,lirmfgx@yahoo.com, 10
